{"and": {"weights": [1.8262188820690288, 2.3107165478703338], "bias": -1.8869804458164672, "training": {"error": 0.0}}}