{"and": {"weights": [0.06552343259834531, 0.5297472281327407], "bias": -0.5283540629753034, "training": {"abs_error": 0.0, "mean_error": 0.0, "standard_deviation": 0.0}}}